time;response;expected;result
2023-09-10 05:01:53.732691;f25c363ff85f0ba5b6ad3fe4c9c2f3a9;f25c363ff85f0ba5b6ad3fe4c9c2f3a9;ok
2023-09-10 05:01:59.745483;f25c363ff85f0ba5b6ad3fe4c9c2f3a9;66eec6bc0ddfe3cf8ddad7021575856e;fail
2023-09-10 05:02:05.755517;f25c363ff85f0ba5b6ad3fe4c9c2f3a9;f25c363ff85f0ba5b6ad3fe4c9c2f3a9;ok
2023-09-10 05:02:11.766574;f25c363ff85f0ba5b6ad3fe4c9c2f3a9;f25c363ff85f0ba5b6ad3fe4c9c2f3a9;ok
2023-09-10 05:02:17.776208;f25c363ff85f0ba5b6ad3fe4c9c2f3a9;f25c363ff85f0ba5b6ad3fe4c9c2f3a9;ok
2023-09-10 05:02:23.788269;f25c363ff85f0ba5b6ad3fe4c9c2f3a9;f25c363ff85f0ba5b6ad3fe4c9c2f3a9;ok
2023-09-10 05:02:29.802011;f25c363ff85f0ba5b6ad3fe4c9c2f3a9;f25c363ff85f0ba5b6ad3fe4c9c2f3a9;ok
2023-09-10 05:02:35.813465;f25c363ff85f0ba5b6ad3fe4c9c2f3a9;f25c363ff85f0ba5b6ad3fe4c9c2f3a9;ok
2023-09-10 05:02:41.824446;f25c363ff85f0ba5b6ad3fe4c9c2f3a9;f25c363ff85f0ba5b6ad3fe4c9c2f3a9;ok
2023-09-10 05:02:47.836032;f25c363ff85f0ba5b6ad3fe4c9c2f3a9;f25c363ff85f0ba5b6ad3fe4c9c2f3a9;ok
2023-09-10 05:02:53.850939;f25c363ff85f0ba5b6ad3fe4c9c2f3a9;f25c363ff85f0ba5b6ad3fe4c9c2f3a9;ok
2023-09-10 05:02:59.859386;f25c363ff85f0ba5b6ad3fe4c9c2f3a9;f25c363ff85f0ba5b6ad3fe4c9c2f3a9;ok
2023-09-10 05:03:05.868814;f25c363ff85f0ba5b6ad3fe4c9c2f3a9;f25c363ff85f0ba5b6ad3fe4c9c2f3a9;ok
2023-09-10 05:03:11.879488;f25c363ff85f0ba5b6ad3fe4c9c2f3a9;f25c363ff85f0ba5b6ad3fe4c9c2f3a9;ok
2023-09-10 05:03:17.887434;f25c363ff85f0ba5b6ad3fe4c9c2f3a9;f25c363ff85f0ba5b6ad3fe4c9c2f3a9;ok
2023-09-10 05:03:23.896407;f25c363ff85f0ba5b6ad3fe4c9c2f3a9;f25c363ff85f0ba5b6ad3fe4c9c2f3a9;ok
2023-09-10 05:03:29.904700;f25c363ff85f0ba5b6ad3fe4c9c2f3a9;f25c363ff85f0ba5b6ad3fe4c9c2f3a9;ok
